Points_0,Points_1,Points_2,Points_Magnitude,arc_length,temperature,Point ID,vtkValidPointMask
0,0,0,0,0,373.15,0,1
0,0,0.0005,0.0005,0.0005,373.07,1,1
0,0,0.001,0.001,0.001,372.99,2,1
0,0,0.0015,0.0015,0.0015,372.909,3,1
0,0,0.002,0.002,0.002,372.829,4,1
0,0,0.0025,0.0025,0.0025,372.749,5,1
0,0,0.003,0.003,0.003,372.669,6,1
0,0,0.0035,0.0035,0.0035,372.589,7,1
0,0,0.004,0.004,0.004,372.508,8,1
0,0,0.0045,0.0045,0.0045,372.428,9,1
0,0,0.005,0.005,0.005,372.348,10,1
0,0,0.0055,0.0055,0.0055,372.268,11,1
0,0,0.006,0.006,0.006,372.188,12,1
0,0,0.0065,0.0065,0.0065,372.107,13,1
0,0,0.007,0.007,0.007,372.027,14,1
0,0,0.0075,0.0075,0.0075,371.947,15,1
0,0,0.008,0.008,0.008,371.867,16,1
0,0,0.0085,0.0085,0.0085,371.786,17,1
0,0,0.009,0.009,0.009,371.706,18,1
0,0,0.0095,0.0095,0.0095,371.626,19,1
0,0,0.01,0.01,0.01,371.546,20,1
0,0,0.0105,0.0105,0.0105,371.466,21,1
0,0,0.011,0.011,0.011,371.385,22,1
0,0,0.0115,0.0115,0.0115,371.305,23,1
0,0,0.012,0.012,0.012,371.225,24,1
0,0,0.0125,0.0125,0.0125,371.145,25,1
0,0,0.013,0.013,0.013,371.065,26,1
0,0,0.0135,0.0135,0.0135,370.985,27,1
0,0,0.014,0.014,0.014,370.905,28,1
0,0,0.0145,0.0145,0.0145,370.825,29,1
0,0,0.015,0.015,0.015,370.745,30,1
0,0,0.0155,0.0155,0.0155,370.664,31,1
0,0,0.016,0.016,0.016,370.584,32,1
0,0,0.0165,0.0165,0.0165,370.504,33,1
0,0,0.017,0.017,0.017,370.424,34,1
0,0,0.0175,0.0175,0.0175,370.344,35,1
0,0,0.018,0.018,0.018,370.264,36,1
0,0,0.0185,0.0185,0.0185,370.184,37,1
0,0,0.019,0.019,0.019,370.104,38,1
0,0,0.0195,0.0195,0.0195,370.024,39,1
0,0,0.02,0.02,0.02,369.944,40,1
0,0,0.0205,0.0205,0.0205,369.863,41,1
0,0,0.021,0.021,0.021,369.783,42,1
0,0,0.0215,0.0215,0.0215,369.703,43,1
0,0,0.022,0.022,0.022,369.623,44,1
0,0,0.0225,0.0225,0.0225,369.543,45,1
0,0,0.023,0.023,0.023,369.463,46,1
0,0,0.0235,0.0235,0.0235,369.383,47,1
0,0,0.024,0.024,0.024,369.303,48,1
0,0,0.0245,0.0245,0.0245,369.223,49,1
0,0,0.025,0.025,0.025,369.144,50,1
0,0,0.0255,0.0255,0.0255,369.064,51,1
0,0,0.026,0.026,0.026,368.984,52,1
0,0,0.0265,0.0265,0.0265,368.904,53,1
0,0,0.027,0.027,0.027,368.824,54,1
0,0,0.0275,0.0275,0.0275,368.744,55,1
0,0,0.028,0.028,0.028,368.664,56,1
0,0,0.0285,0.0285,0.0285,368.584,57,1
0,0,0.029,0.029,0.029,368.504,58,1
0,0,0.0295,0.0295,0.0295,368.425,59,1
0,0,0.03,0.03,0.03,368.345,60,1
0,0,0.0305,0.0305,0.0305,368.265,61,1
0,0,0.031,0.031,0.031,368.185,62,1
0,0,0.0315,0.0315,0.0315,368.105,63,1
0,0,0.032,0.032,0.032,368.025,64,1
0,0,0.0325,0.0325,0.0325,367.945,65,1
0,0,0.033,0.033,0.033,367.865,66,1
0,0,0.0335,0.0335,0.0335,367.785,67,1
0,0,0.034,0.034,0.034,367.705,68,1
0,0,0.0345,0.0345,0.0345,367.626,69,1
0,0,0.035,0.035,0.035,367.546,70,1
0,0,0.0355,0.0355,0.0355,367.466,71,1
0,0,0.036,0.036,0.036,367.387,72,1
0,0,0.0365,0.0365,0.0365,367.307,73,1
0,0,0.037,0.037,0.037,367.228,74,1
0,0,0.0375,0.0375,0.0375,367.148,75,1
0,0,0.038,0.038,0.038,367.068,76,1
0,0,0.0385,0.0385,0.0385,366.989,77,1
0,0,0.039,0.039,0.039,366.909,78,1
0,0,0.0395,0.0395,0.0395,366.83,79,1
0,0,0.04,0.04,0.04,366.75,80,1
0,0,0.0405,0.0405,0.0405,366.671,81,1
0,0,0.041,0.041,0.041,366.591,82,1
0,0,0.0415,0.0415,0.0415,366.511,83,1
0,0,0.042,0.042,0.042,366.432,84,1
0,0,0.0425,0.0425,0.0425,366.352,85,1
0,0,0.043,0.043,0.043,366.273,86,1
0,0,0.0435,0.0435,0.0435,366.193,87,1
0,0,0.044,0.044,0.044,366.114,88,1
0,0,0.0445,0.0445,0.0445,366.034,89,1
0,0,0.045,0.045,0.045,365.955,90,1
0,0,0.0455,0.0455,0.0455,365.876,91,1
0,0,0.046,0.046,0.046,365.797,92,1
0,0,0.0465,0.0465,0.0465,365.717,93,1
0,0,0.047,0.047,0.047,365.638,94,1
0,0,0.0475,0.0475,0.0475,365.559,95,1
0,0,0.048,0.048,0.048,365.48,96,1
0,0,0.0485,0.0485,0.0485,365.401,97,1
0,0,0.049,0.049,0.049,365.321,98,1
0,0,0.0495,0.0495,0.0495,365.242,99,1
0,0,0.05,0.05,0.05,365.163,100,1
0,0,0.0505,0.0505,0.0505,365.084,101,1
0,0,0.051,0.051,0.051,365.004,102,1
0,0,0.0515,0.0515,0.0515,364.925,103,1
0,0,0.052,0.052,0.052,364.846,104,1
0,0,0.0525,0.0525,0.0525,364.767,105,1
0,0,0.053,0.053,0.053,364.687,106,1
0,0,0.0535,0.0535,0.0535,364.608,107,1
0,0,0.054,0.054,0.054,364.529,108,1
0,0,0.0545,0.0545,0.0545,364.45,109,1
0,0,0.055,0.055,0.055,364.371,110,1
0,0,0.0555,0.0555,0.0555,364.292,111,1
0,0,0.056,0.056,0.056,364.213,112,1
0,0,0.0565,0.0565,0.0565,364.134,113,1
0,0,0.057,0.057,0.057,364.056,114,1
0,0,0.0575,0.0575,0.0575,363.977,115,1
0,0,0.058,0.058,0.058,363.898,116,1
0,0,0.0585,0.0585,0.0585,363.819,117,1
0,0,0.059,0.059,0.059,363.741,118,1
0,0,0.0595,0.0595,0.0595,363.662,119,1
0,0,0.06,0.06,0.06,363.583,120,1
0,0,0.0605,0.0605,0.0605,363.504,121,1
0,0,0.061,0.061,0.061,363.425,122,1
0,0,0.0615,0.0615,0.0615,363.347,123,1
0,0,0.062,0.062,0.062,363.268,124,1
0,0,0.0625,0.0625,0.0625,363.189,125,1
0,0,0.063,0.063,0.063,363.11,126,1
0,0,0.0635,0.0635,0.0635,363.032,127,1
0,0,0.064,0.064,0.064,362.953,128,1
0,0,0.0645,0.0645,0.0645,362.874,129,1
0,0,0.065,0.065,0.065,362.795,130,1
0,0,0.0655,0.0655,0.0655,362.717,131,1
0,0,0.066,0.066,0.066,362.639,132,1
0,0,0.0665,0.0665,0.0665,362.56,133,1
0,0,0.067,0.067,0.067,362.482,134,1
0,0,0.0675,0.0675,0.0675,362.404,135,1
0,0,0.068,0.068,0.068,362.326,136,1
0,0,0.0685,0.0685,0.0685,362.247,137,1
0,0,0.069,0.069,0.069,362.169,138,1
0,0,0.0695,0.0695,0.0695,362.091,139,1
0,0,0.07,0.07,0.07,362.013,140,1
0,0,0.0705,0.0705,0.0705,361.935,141,1
0,0,0.071,0.071,0.071,361.856,142,1
0,0,0.0715,0.0715,0.0715,361.778,143,1
0,0,0.072,0.072,0.072,361.7,144,1
0,0,0.0725,0.0725,0.0725,361.622,145,1
0,0,0.073,0.073,0.073,361.543,146,1
0,0,0.0735,0.0735,0.0735,361.465,147,1
0,0,0.074,0.074,0.074,361.387,148,1
0,0,0.0745,0.0745,0.0745,361.309,149,1
0,0,0.075,0.075,0.075,361.231,150,1
0,0,0.0755,0.0755,0.0755,361.152,151,1
0,0,0.076,0.076,0.076,361.074,152,1
0,0,0.0765,0.0765,0.0765,360.997,153,1
0,0,0.077,0.077,0.077,360.919,154,1
0,0,0.0775,0.0775,0.0775,360.841,155,1
0,0,0.078,0.078,0.078,360.764,156,1
0,0,0.0785,0.0785,0.0785,360.686,157,1
0,0,0.079,0.079,0.079,360.609,158,1
0,0,0.0795,0.0795,0.0795,360.531,159,1
0,0,0.08,0.08,0.08,360.454,160,1
0,0,0.0805,0.0805,0.0805,360.376,161,1
0,0,0.081,0.081,0.081,360.299,162,1
0,0,0.0815,0.0815,0.0815,360.221,163,1
0,0,0.082,0.082,0.082,360.144,164,1
0,0,0.0825,0.0825,0.0825,360.067,165,1
0,0,0.083,0.083,0.083,359.989,166,1
0,0,0.0835,0.0835,0.0835,359.912,167,1
0,0,0.084,0.084,0.084,359.834,168,1
0,0,0.0845,0.0845,0.0845,359.757,169,1
0,0,0.085,0.085,0.085,359.679,170,1
0,0,0.0855,0.0855,0.0855,359.602,171,1
0,0,0.086,0.086,0.086,359.524,172,1
0,0,0.0865,0.0865,0.0865,359.447,173,1
0,0,0.087,0.087,0.087,359.37,174,1
0,0,0.0875,0.0875,0.0875,359.293,175,1
0,0,0.088,0.088,0.088,359.216,176,1
0,0,0.0885,0.0885,0.0885,359.14,177,1
0,0,0.089,0.089,0.089,359.063,178,1
0,0,0.0895,0.0895,0.0895,358.986,179,1
0,0,0.09,0.09,0.09,358.909,180,1
0,0,0.0905,0.0905,0.0905,358.832,181,1
0,0,0.091,0.091,0.091,358.755,182,1
0,0,0.0915,0.0915,0.0915,358.678,183,1
0,0,0.092,0.092,0.092,358.601,184,1
0,0,0.0925,0.0925,0.0925,358.525,185,1
0,0,0.093,0.093,0.093,358.448,186,1
0,0,0.0935,0.0935,0.0935,358.371,187,1
0,0,0.094,0.094,0.094,358.294,188,1
0,0,0.0945,0.0945,0.0945,358.217,189,1
0,0,0.095,0.095,0.095,358.14,190,1
0,0,0.0955,0.0955,0.0955,358.063,191,1
0,0,0.096,0.096,0.096,357.987,192,1
0,0,0.0965,0.0965,0.0965,357.91,193,1
0,0,0.097,0.097,0.097,357.833,194,1
0,0,0.0975,0.0975,0.0975,357.756,195,1
0,0,0.098,0.098,0.098,357.68,196,1
0,0,0.0985,0.0985,0.0985,357.604,197,1
0,0,0.099,0.099,0.099,357.528,198,1
0,0,0.0995,0.0995,0.0995,357.452,199,1
0,0,0.1,0.1,0.1,357.376,200,1
0,0,0.1005,0.1005,0.1005,357.3,201,1
0,0,0.101,0.101,0.101,357.224,202,1
0,0,0.1015,0.1015,0.1015,357.148,203,1
0,0,0.102,0.102,0.102,357.072,204,1
0,0,0.1025,0.1025,0.1025,356.997,205,1
0,0,0.103,0.103,0.103,356.921,206,1
0,0,0.1035,0.1035,0.1035,356.845,207,1
0,0,0.104,0.104,0.104,356.769,208,1
0,0,0.1045,0.1045,0.1045,356.693,209,1
0,0,0.105,0.105,0.105,356.617,210,1
0,0,0.1055,0.1055,0.1055,356.541,211,1
0,0,0.106,0.106,0.106,356.465,212,1
0,0,0.1065,0.1065,0.1065,356.389,213,1
0,0,0.107,0.107,0.107,356.313,214,1
0,0,0.1075,0.1075,0.1075,356.237,215,1
0,0,0.108,0.108,0.108,356.162,216,1
0,0,0.1085,0.1085,0.1085,356.087,217,1
0,0,0.109,0.109,0.109,356.012,218,1
0,0,0.1095,0.1095,0.1095,355.936,219,1
0,0,0.11,0.11,0.11,355.861,220,1
0,0,0.1105,0.1105,0.1105,355.786,221,1
0,0,0.111,0.111,0.111,355.711,222,1
0,0,0.1115,0.1115,0.1115,355.636,223,1
0,0,0.112,0.112,0.112,355.561,224,1
0,0,0.1125,0.1125,0.1125,355.486,225,1
0,0,0.113,0.113,0.113,355.411,226,1
0,0,0.1135,0.1135,0.1135,355.336,227,1
0,0,0.114,0.114,0.114,355.26,228,1
0,0,0.1145,0.1145,0.1145,355.185,229,1
0,0,0.115,0.115,0.115,355.11,230,1
0,0,0.1155,0.1155,0.1155,355.035,231,1
0,0,0.116,0.116,0.116,354.96,232,1
0,0,0.1165,0.1165,0.1165,354.885,233,1
0,0,0.117,0.117,0.117,354.81,234,1
0,0,0.1175,0.1175,0.1175,354.735,235,1
0,0,0.118,0.118,0.118,354.66,236,1
0,0,0.1185,0.1185,0.1185,354.585,237,1
0,0,0.119,0.119,0.119,354.511,238,1
0,0,0.1195,0.1195,0.1195,354.437,239,1
0,0,0.12,0.12,0.12,354.363,240,1
0,0,0.1205,0.1205,0.1205,354.289,241,1
0,0,0.121,0.121,0.121,354.215,242,1
0,0,0.1215,0.1215,0.1215,354.141,243,1
0,0,0.122,0.122,0.122,354.066,244,1
0,0,0.1225,0.1225,0.1225,353.992,245,1
0,0,0.123,0.123,0.123,353.918,246,1
0,0,0.1235,0.1235,0.1235,353.844,247,1
0,0,0.124,0.124,0.124,353.77,248,1
0,0,0.1245,0.1245,0.1245,353.696,249,1
0,0,0.125,0.125,0.125,353.622,250,1
0,0,0.1255,0.1255,0.1255,353.548,251,1
0,0,0.126,0.126,0.126,353.474,252,1
0,0,0.1265,0.1265,0.1265,353.4,253,1
0,0,0.127,0.127,0.127,353.326,254,1
0,0,0.1275,0.1275,0.1275,353.252,255,1
0,0,0.128,0.128,0.128,353.177,256,1
0,0,0.1285,0.1285,0.1285,353.103,257,1
0,0,0.129,0.129,0.129,353.029,258,1
0,0,0.1295,0.1295,0.1295,352.955,259,1
0,0,0.13,0.13,0.13,352.882,260,1
0,0,0.1305,0.1305,0.1305,352.809,261,1
0,0,0.131,0.131,0.131,352.736,262,1
0,0,0.1315,0.1315,0.1315,352.663,263,1
0,0,0.132,0.132,0.132,352.59,264,1
0,0,0.1325,0.1325,0.1325,352.517,265,1
0,0,0.133,0.133,0.133,352.444,266,1
0,0,0.1335,0.1335,0.1335,352.371,267,1
0,0,0.134,0.134,0.134,352.298,268,1
0,0,0.1345,0.1345,0.1345,352.225,269,1
0,0,0.135,0.135,0.135,352.152,270,1
0,0,0.1355,0.1355,0.1355,352.079,271,1
0,0,0.136,0.136,0.136,352.006,272,1
0,0,0.1365,0.1365,0.1365,351.933,273,1
0,0,0.137,0.137,0.137,351.86,274,1
0,0,0.1375,0.1375,0.1375,351.787,275,1
0,0,0.138,0.138,0.138,351.714,276,1
0,0,0.1385,0.1385,0.1385,351.641,277,1
0,0,0.139,0.139,0.139,351.568,278,1
0,0,0.1395,0.1395,0.1395,351.495,279,1
0,0,0.14,0.14,0.14,351.423,280,1
0,0,0.1405,0.1405,0.1405,351.351,281,1
0,0,0.141,0.141,0.141,351.279,282,1
0,0,0.1415,0.1415,0.1415,351.208,283,1
0,0,0.142,0.142,0.142,351.136,284,1
0,0,0.1425,0.1425,0.1425,351.064,285,1
0,0,0.143,0.143,0.143,350.992,286,1
0,0,0.1435,0.1435,0.1435,350.921,287,1
0,0,0.144,0.144,0.144,350.849,288,1
0,0,0.1445,0.1445,0.1445,350.777,289,1
0,0,0.145,0.145,0.145,350.705,290,1
0,0,0.1455,0.1455,0.1455,350.634,291,1
0,0,0.146,0.146,0.146,350.562,292,1
0,0,0.1465,0.1465,0.1465,350.49,293,1
0,0,0.147,0.147,0.147,350.418,294,1
0,0,0.1475,0.1475,0.1475,350.347,295,1
0,0,0.148,0.148,0.148,350.275,296,1
0,0,0.1485,0.1485,0.1485,350.203,297,1
0,0,0.149,0.149,0.149,350.131,298,1
0,0,0.1495,0.1495,0.1495,350.06,299,1
0,0,0.15,0.15,0.15,349.988,300,1
0,0,0.1505,0.1505,0.1505,349.917,301,1
0,0,0.151,0.151,0.151,349.846,302,1
0,0,0.1515,0.1515,0.1515,349.775,303,1
0,0,0.152,0.152,0.152,349.704,304,1
0,0,0.1525,0.1525,0.1525,349.634,305,1
0,0,0.153,0.153,0.153,349.563,306,1
0,0,0.1535,0.1535,0.1535,349.492,307,1
0,0,0.154,0.154,0.154,349.422,308,1
0,0,0.1545,0.1545,0.1545,349.351,309,1
0,0,0.155,0.155,0.155,349.281,310,1
0,0,0.1555,0.1555,0.1555,349.21,311,1
0,0,0.156,0.156,0.156,349.139,312,1
0,0,0.1565,0.1565,0.1565,349.069,313,1
0,0,0.157,0.157,0.157,348.998,314,1
0,0,0.1575,0.1575,0.1575,348.927,315,1
0,0,0.158,0.158,0.158,348.857,316,1
0,0,0.1585,0.1585,0.1585,348.786,317,1
0,0,0.159,0.159,0.159,348.716,318,1
0,0,0.1595,0.1595,0.1595,348.645,319,1
0,0,0.16,0.16,0.16,348.574,320,1
0,0,0.1605,0.1605,0.1605,348.504,321,1
0,0,0.161,0.161,0.161,348.433,322,1
0,0,0.1615,0.1615,0.1615,348.363,323,1
0,0,0.162,0.162,0.162,348.294,324,1
0,0,0.1625,0.1625,0.1625,348.225,325,1
0,0,0.163,0.163,0.163,348.156,326,1
0,0,0.1635,0.1635,0.1635,348.086,327,1
0,0,0.164,0.164,0.164,348.017,328,1
0,0,0.1645,0.1645,0.1645,347.948,329,1
0,0,0.165,0.165,0.165,347.879,330,1
0,0,0.1655,0.1655,0.1655,347.809,331,1
0,0,0.166,0.166,0.166,347.74,332,1
0,0,0.1665,0.1665,0.1665,347.671,333,1
0,0,0.167,0.167,0.167,347.602,334,1
0,0,0.1675,0.1675,0.1675,347.532,335,1
0,0,0.168,0.168,0.168,347.463,336,1
0,0,0.1685,0.1685,0.1685,347.394,337,1
0,0,0.169,0.169,0.169,347.325,338,1
0,0,0.1695,0.1695,0.1695,347.255,339,1
0,0,0.17,0.17,0.17,347.186,340,1
0,0,0.1705,0.1705,0.1705,347.117,341,1
0,0,0.171,0.171,0.171,347.048,342,1
0,0,0.1715,0.1715,0.1715,346.979,343,1
0,0,0.172,0.172,0.172,346.91,344,1
0,0,0.1725,0.1725,0.1725,346.842,345,1
0,0,0.173,0.173,0.173,346.774,346,1
0,0,0.1735,0.1735,0.1735,346.706,347,1
0,0,0.174,0.174,0.174,346.638,348,1
0,0,0.1745,0.1745,0.1745,346.571,349,1
0,0,0.175,0.175,0.175,346.503,350,1
0,0,0.1755,0.1755,0.1755,346.435,351,1
0,0,0.176,0.176,0.176,346.367,352,1
0,0,0.1765,0.1765,0.1765,346.299,353,1
0,0,0.177,0.177,0.177,346.231,354,1
0,0,0.1775,0.1775,0.1775,346.163,355,1
0,0,0.178,0.178,0.178,346.095,356,1
0,0,0.1785,0.1785,0.1785,346.027,357,1
0,0,0.179,0.179,0.179,345.959,358,1
0,0,0.1795,0.1795,0.1795,345.891,359,1
0,0,0.18,0.18,0.18,345.823,360,1
0,0,0.1805,0.1805,0.1805,345.755,361,1
0,0,0.181,0.181,0.181,345.687,362,1
0,0,0.1815,0.1815,0.1815,345.619,363,1
0,0,0.182,0.182,0.182,345.552,364,1
0,0,0.1825,0.1825,0.1825,345.484,365,1
0,0,0.183,0.183,0.183,345.418,366,1
0,0,0.1835,0.1835,0.1835,345.351,367,1
0,0,0.184,0.184,0.184,345.285,368,1
0,0,0.1845,0.1845,0.1845,345.218,369,1
0,0,0.185,0.185,0.185,345.152,370,1
0,0,0.1855,0.1855,0.1855,345.086,371,1
0,0,0.186,0.186,0.186,345.019,372,1
0,0,0.1865,0.1865,0.1865,344.953,373,1
0,0,0.187,0.187,0.187,344.887,374,1
0,0,0.1875,0.1875,0.1875,344.821,375,1
0,0,0.188,0.188,0.188,344.755,376,1
0,0,0.1885,0.1885,0.1885,344.689,377,1
0,0,0.189,0.189,0.189,344.622,378,1
0,0,0.1895,0.1895,0.1895,344.556,379,1
0,0,0.19,0.19,0.19,344.49,380,1
0,0,0.1905,0.1905,0.1905,344.424,381,1
0,0,0.191,0.191,0.191,344.358,382,1
0,0,0.1915,0.1915,0.1915,344.291,383,1
0,0,0.192,0.192,0.192,344.225,384,1
0,0,0.1925,0.1925,0.1925,344.159,385,1
0,0,0.193,0.193,0.193,344.093,386,1
0,0,0.1935,0.1935,0.1935,344.028,387,1
0,0,0.194,0.194,0.194,343.963,388,1
0,0,0.1945,0.1945,0.1945,343.898,389,1
0,0,0.195,0.195,0.195,343.833,390,1
0,0,0.1955,0.1955,0.1955,343.768,391,1
0,0,0.196,0.196,0.196,343.703,392,1
0,0,0.1965,0.1965,0.1965,343.638,393,1
0,0,0.197,0.197,0.197,343.573,394,1
0,0,0.1975,0.1975,0.1975,343.508,395,1
0,0,0.198,0.198,0.198,343.443,396,1
0,0,0.1985,0.1985,0.1985,343.378,397,1
0,0,0.199,0.199,0.199,343.313,398,1
0,0,0.1995,0.1995,0.1995,343.248,399,1
0,0,0.2,0.2,0.2,343.183,400,1
0,0,0.2005,0.2005,0.2005,343.118,401,1
0,0,0.201,0.201,0.201,343.054,402,1
0,0,0.2015,0.2015,0.2015,342.989,403,1
0,0,0.202,0.202,0.202,342.924,404,1
0,0,0.2025,0.2025,0.2025,342.859,405,1
0,0,0.203,0.203,0.203,342.795,406,1
0,0,0.2035,0.2035,0.2035,342.73,407,1
0,0,0.204,0.204,0.204,342.666,408,1
0,0,0.2045,0.2045,0.2045,342.602,409,1
0,0,0.205,0.205,0.205,342.539,410,1
0,0,0.2055,0.2055,0.2055,342.475,411,1
0,0,0.206,0.206,0.206,342.412,412,1
0,0,0.2065,0.2065,0.2065,342.349,413,1
0,0,0.207,0.207,0.207,342.285,414,1
0,0,0.2075,0.2075,0.2075,342.222,415,1
0,0,0.208,0.208,0.208,342.159,416,1
0,0,0.2085,0.2085,0.2085,342.096,417,1
0,0,0.209,0.209,0.209,342.032,418,1
0,0,0.2095,0.2095,0.2095,341.969,419,1
0,0,0.21,0.21,0.21,341.906,420,1
0,0,0.2105,0.2105,0.2105,341.843,421,1
0,0,0.211,0.211,0.211,341.78,422,1
0,0,0.2115,0.2115,0.2115,341.716,423,1
0,0,0.212,0.212,0.212,341.653,424,1
0,0,0.2125,0.2125,0.2125,341.59,425,1
0,0,0.213,0.213,0.213,341.527,426,1
0,0,0.2135,0.2135,0.2135,341.464,427,1
0,0,0.214,0.214,0.214,341.401,428,1
0,0,0.2145,0.2145,0.2145,341.339,429,1
0,0,0.215,0.215,0.215,341.277,430,1
0,0,0.2155,0.2155,0.2155,341.216,431,1
0,0,0.216,0.216,0.216,341.154,432,1
0,0,0.2165,0.2165,0.2165,341.092,433,1
0,0,0.217,0.217,0.217,341.031,434,1
0,0,0.2175,0.2175,0.2175,340.969,435,1
0,0,0.218,0.218,0.218,340.908,436,1
0,0,0.2185,0.2185,0.2185,340.846,437,1
0,0,0.219,0.219,0.219,340.785,438,1
0,0,0.2195,0.2195,0.2195,340.723,439,1
0,0,0.22,0.22,0.22,340.662,440,1
0,0,0.2205,0.2205,0.2205,340.601,441,1
0,0,0.221,0.221,0.221,340.539,442,1
0,0,0.2215,0.2215,0.2215,340.478,443,1
0,0,0.222,0.222,0.222,340.416,444,1
0,0,0.2225,0.2225,0.2225,340.355,445,1
0,0,0.223,0.223,0.223,340.293,446,1
0,0,0.2235,0.2235,0.2235,340.232,447,1
0,0,0.224,0.224,0.224,340.17,448,1
0,0,0.2245,0.2245,0.2245,340.109,449,1
0,0,0.225,0.225,0.225,340.047,450,1
0,0,0.2255,0.2255,0.2255,339.987,451,1
0,0,0.226,0.226,0.226,339.927,452,1
0,0,0.2265,0.2265,0.2265,339.867,453,1
0,0,0.227,0.227,0.227,339.808,454,1
0,0,0.2275,0.2275,0.2275,339.748,455,1
0,0,0.228,0.228,0.228,339.688,456,1
0,0,0.2285,0.2285,0.2285,339.629,457,1
0,0,0.229,0.229,0.229,339.569,458,1
0,0,0.2295,0.2295,0.2295,339.509,459,1
0,0,0.23,0.23,0.23,339.449,460,1
0,0,0.2305,0.2305,0.2305,339.39,461,1
0,0,0.231,0.231,0.231,339.33,462,1
0,0,0.2315,0.2315,0.2315,339.27,463,1
0,0,0.232,0.232,0.232,339.211,464,1
0,0,0.2325,0.2325,0.2325,339.151,465,1
0,0,0.233,0.233,0.233,339.091,466,1
0,0,0.2335,0.2335,0.2335,339.032,467,1
0,0,0.234,0.234,0.234,338.972,468,1
0,0,0.2345,0.2345,0.2345,338.913,469,1
0,0,0.235,0.235,0.235,338.853,470,1
0,0,0.2355,0.2355,0.2355,338.794,471,1
0,0,0.236,0.236,0.236,338.736,472,1
0,0,0.2365,0.2365,0.2365,338.677,473,1
0,0,0.237,0.237,0.237,338.619,474,1
0,0,0.2375,0.2375,0.2375,338.561,475,1
0,0,0.238,0.238,0.238,338.503,476,1
0,0,0.2385,0.2385,0.2385,338.445,477,1
0,0,0.239,0.239,0.239,338.387,478,1
0,0,0.2395,0.2395,0.2395,338.329,479,1
0,0,0.24,0.24,0.24,338.271,480,1
0,0,0.2405,0.2405,0.2405,338.213,481,1
0,0,0.241,0.241,0.241,338.155,482,1
0,0,0.2415,0.2415,0.2415,338.097,483,1
0,0,0.242,0.242,0.242,338.04,484,1
0,0,0.2425,0.2425,0.2425,337.982,485,1
0,0,0.243,0.243,0.243,337.924,486,1
0,0,0.2435,0.2435,0.2435,337.866,487,1
0,0,0.244,0.244,0.244,337.808,488,1
0,0,0.2445,0.2445,0.2445,337.75,489,1
0,0,0.245,0.245,0.245,337.692,490,1
0,0,0.2455,0.2455,0.2455,337.634,491,1
0,0,0.246,0.246,0.246,337.577,492,1
0,0,0.2465,0.2465,0.2465,337.519,493,1
0,0,0.247,0.247,0.247,337.463,494,1
0,0,0.2475,0.2475,0.2475,337.407,495,1
0,0,0.248,0.248,0.248,337.35,496,1
0,0,0.2485,0.2485,0.2485,337.294,497,1
0,0,0.249,0.249,0.249,337.238,498,1
0,0,0.2495,0.2495,0.2495,337.182,499,1
0,0,0.25,0.25,0.25,337.126,500,1
0,0,0.2505,0.2505,0.2505,337.07,501,1
0,0,0.251,0.251,0.251,337.014,502,1
0,0,0.2515,0.2515,0.2515,336.957,503,1
0,0,0.252,0.252,0.252,336.901,504,1
0,0,0.2525,0.2525,0.2525,336.845,505,1
0,0,0.253,0.253,0.253,336.789,506,1
0,0,0.2535,0.2535,0.2535,336.733,507,1
0,0,0.254,0.254,0.254,336.677,508,1
0,0,0.2545,0.2545,0.2545,336.621,509,1
0,0,0.255,0.255,0.255,336.565,510,1
0,0,0.2555,0.2555,0.2555,336.509,511,1
0,0,0.256,0.256,0.256,336.453,512,1
0,0,0.2565,0.2565,0.2565,336.397,513,1
0,0,0.257,0.257,0.257,336.342,514,1
0,0,0.2575,0.2575,0.2575,336.287,515,1
0,0,0.258,0.258,0.258,336.233,516,1
0,0,0.2585,0.2585,0.2585,336.179,517,1
0,0,0.259,0.259,0.259,336.125,518,1
0,0,0.2595,0.2595,0.2595,336.071,519,1
0,0,0.26,0.26,0.26,336.017,520,1
0,0,0.2605,0.2605,0.2605,335.963,521,1
0,0,0.261,0.261,0.261,335.909,522,1
0,0,0.2615,0.2615,0.2615,335.855,523,1
0,0,0.262,0.262,0.262,335.801,524,1
0,0,0.2625,0.2625,0.2625,335.747,525,1
0,0,0.263,0.263,0.263,335.693,526,1
0,0,0.2635,0.2635,0.2635,335.639,527,1
0,0,0.264,0.264,0.264,335.584,528,1
0,0,0.2645,0.2645,0.2645,335.53,529,1
0,0,0.265,0.265,0.265,335.476,530,1
0,0,0.2655,0.2655,0.2655,335.422,531,1
0,0,0.266,0.266,0.266,335.369,532,1
0,0,0.2665,0.2665,0.2665,335.316,533,1
0,0,0.267,0.267,0.267,335.264,534,1
0,0,0.2675,0.2675,0.2675,335.212,535,1
0,0,0.268,0.268,0.268,335.159,536,1
0,0,0.2685,0.2685,0.2685,335.107,537,1
0,0,0.269,0.269,0.269,335.054,538,1
0,0,0.2695,0.2695,0.2695,335.002,539,1
0,0,0.27,0.27,0.27,334.95,540,1
0,0,0.2705,0.2705,0.2705,334.897,541,1
0,0,0.271,0.271,0.271,334.845,542,1
0,0,0.2715,0.2715,0.2715,334.793,543,1
0,0,0.272,0.272,0.272,334.74,544,1
0,0,0.2725,0.2725,0.2725,334.688,545,1
0,0,0.273,0.273,0.273,334.635,546,1
0,0,0.2735,0.2735,0.2735,334.583,547,1
0,0,0.274,0.274,0.274,334.531,548,1
0,0,0.2745,0.2745,0.2745,334.478,549,1
0,0,0.275,0.275,0.275,334.426,550,1
0,0,0.2755,0.2755,0.2755,334.374,551,1
0,0,0.276,0.276,0.276,334.322,552,1
0,0,0.2765,0.2765,0.2765,334.269,553,1
0,0,0.277,0.277,0.277,334.217,554,1
0,0,0.2775,0.2775,0.2775,334.165,555,1
0,0,0.278,0.278,0.278,334.113,556,1
0,0,0.2785,0.2785,0.2785,334.062,557,1
0,0,0.279,0.279,0.279,334.012,558,1
0,0,0.2795,0.2795,0.2795,333.962,559,1
0,0,0.28,0.28,0.28,333.912,560,1
0,0,0.2805,0.2805,0.2805,333.862,561,1
0,0,0.281,0.281,0.281,333.812,562,1
0,0,0.2815,0.2815,0.2815,333.762,563,1
0,0,0.282,0.282,0.282,333.712,564,1
0,0,0.2825,0.2825,0.2825,333.662,565,1
0,0,0.283,0.283,0.283,333.612,566,1
0,0,0.2835,0.2835,0.2835,333.562,567,1
0,0,0.284,0.284,0.284,333.512,568,1
0,0,0.2845,0.2845,0.2845,333.462,569,1
0,0,0.285,0.285,0.285,333.412,570,1
0,0,0.2855,0.2855,0.2855,333.362,571,1
0,0,0.286,0.286,0.286,333.312,572,1
0,0,0.2865,0.2865,0.2865,333.262,573,1
0,0,0.287,0.287,0.287,333.212,574,1
0,0,0.2875,0.2875,0.2875,333.163,575,1
0,0,0.288,0.288,0.288,333.113,576,1
0,0,0.2885,0.2885,0.2885,333.063,577,1
0,0,0.289,0.289,0.289,333.013,578,1
0,0,0.2895,0.2895,0.2895,332.965,579,1
0,0,0.29,0.29,0.29,332.917,580,1
0,0,0.2905,0.2905,0.2905,332.869,581,1
0,0,0.291,0.291,0.291,332.821,582,1
0,0,0.2915,0.2915,0.2915,332.773,583,1
0,0,0.292,0.292,0.292,332.725,584,1
0,0,0.2925,0.2925,0.2925,332.677,585,1
0,0,0.293,0.293,0.293,332.629,586,1
0,0,0.2935,0.2935,0.2935,332.581,587,1
0,0,0.294,0.294,0.294,332.533,588,1
0,0,0.2945,0.2945,0.2945,332.485,589,1
0,0,0.295,0.295,0.295,332.438,590,1
0,0,0.2955,0.2955,0.2955,332.39,591,1
0,0,0.296,0.296,0.296,332.342,592,1
0,0,0.2965,0.2965,0.2965,332.294,593,1
0,0,0.297,0.297,0.297,332.246,594,1
0,0,0.2975,0.2975,0.2975,332.198,595,1
0,0,0.298,0.298,0.298,332.15,596,1
0,0,0.2985,0.2985,0.2985,332.102,597,1
0,0,0.299,0.299,0.299,332.053,598,1
0,0,0.2995,0.2995,0.2995,332.006,599,1
0,0,0.3,0.3,0.3,331.96,600,1
0,0,0.3005,0.3005,0.3005,331.914,601,1
0,0,0.301,0.301,0.301,331.868,602,1
0,0,0.3015,0.3015,0.3015,331.821,603,1
0,0,0.302,0.302,0.302,331.775,604,1
0,0,0.3025,0.3025,0.3025,331.729,605,1
0,0,0.303,0.303,0.303,331.684,606,1
0,0,0.3035,0.3035,0.3035,331.638,607,1
0,0,0.304,0.304,0.304,331.593,608,1
0,0,0.3045,0.3045,0.3045,331.547,609,1
0,0,0.305,0.305,0.305,331.501,610,1
0,0,0.3055,0.3055,0.3055,331.456,611,1
0,0,0.306,0.306,0.306,331.41,612,1
0,0,0.3065,0.3065,0.3065,331.365,613,1
0,0,0.307,0.307,0.307,331.319,614,1
0,0,0.3075,0.3075,0.3075,331.273,615,1
0,0,0.308,0.308,0.308,331.228,616,1
0,0,0.3085,0.3085,0.3085,331.182,617,1
0,0,0.309,0.309,0.309,331.137,618,1
0,0,0.3095,0.3095,0.3095,331.091,619,1
0,0,0.31,0.31,0.31,331.047,620,1
0,0,0.3105,0.3105,0.3105,331.002,621,1
0,0,0.311,0.311,0.311,330.958,622,1
0,0,0.3115,0.3115,0.3115,330.915,623,1
0,0,0.312,0.312,0.312,330.871,624,1
0,0,0.3125,0.3125,0.3125,330.828,625,1
0,0,0.313,0.313,0.313,330.784,626,1
0,0,0.3135,0.3135,0.3135,330.741,627,1
0,0,0.314,0.314,0.314,330.697,628,1
0,0,0.3145,0.3145,0.3145,330.654,629,1
0,0,0.315,0.315,0.315,330.61,630,1
0,0,0.3155,0.3155,0.3155,330.567,631,1
0,0,0.316,0.316,0.316,330.523,632,1
0,0,0.3165,0.3165,0.3165,330.48,633,1
0,0,0.317,0.317,0.317,330.436,634,1
0,0,0.3175,0.3175,0.3175,330.393,635,1
0,0,0.318,0.318,0.318,330.349,636,1
0,0,0.3185,0.3185,0.3185,330.306,637,1
0,0,0.319,0.319,0.319,330.262,638,1
0,0,0.3195,0.3195,0.3195,330.219,639,1
0,0,0.32,0.32,0.32,330.176,640,1
0,0,0.3205,0.3205,0.3205,330.132,641,1
0,0,0.321,0.321,0.321,330.09,642,1
0,0,0.3215,0.3215,0.3215,330.049,643,1
0,0,0.322,0.322,0.322,330.007,644,1
0,0,0.3225,0.3225,0.3225,329.966,645,1
0,0,0.323,0.323,0.323,329.925,646,1
0,0,0.3235,0.3235,0.3235,329.884,647,1
0,0,0.324,0.324,0.324,329.842,648,1
0,0,0.3245,0.3245,0.3245,329.801,649,1
0,0,0.325,0.325,0.325,329.76,650,1
0,0,0.3255,0.3255,0.3255,329.719,651,1
0,0,0.326,0.326,0.326,329.678,652,1
0,0,0.3265,0.3265,0.3265,329.636,653,1
0,0,0.327,0.327,0.327,329.595,654,1
0,0,0.3275,0.3275,0.3275,329.554,655,1
0,0,0.328,0.328,0.328,329.513,656,1
0,0,0.3285,0.3285,0.3285,329.472,657,1
0,0,0.329,0.329,0.329,329.431,658,1
0,0,0.3295,0.3295,0.3295,329.389,659,1
0,0,0.33,0.33,0.33,329.348,660,1
0,0,0.3305,0.3305,0.3305,329.307,661,1
0,0,0.331,0.331,0.331,329.266,662,1
0,0,0.3315,0.3315,0.3315,329.225,663,1
0,0,0.332,0.332,0.332,329.185,664,1
0,0,0.3325,0.3325,0.3325,329.146,665,1
0,0,0.333,0.333,0.333,329.107,666,1
0,0,0.3335,0.3335,0.3335,329.068,667,1
0,0,0.334,0.334,0.334,329.029,668,1
0,0,0.3345,0.3345,0.3345,328.99,669,1
0,0,0.335,0.335,0.335,328.951,670,1
0,0,0.3355,0.3355,0.3355,328.912,671,1
0,0,0.336,0.336,0.336,328.873,672,1
0,0,0.3365,0.3365,0.3365,328.835,673,1
0,0,0.337,0.337,0.337,328.796,674,1
0,0,0.3375,0.3375,0.3375,328.757,675,1
0,0,0.338,0.338,0.338,328.718,676,1
0,0,0.3385,0.3385,0.3385,328.679,677,1
0,0,0.339,0.339,0.339,328.64,678,1
0,0,0.3395,0.3395,0.3395,328.601,679,1
0,0,0.34,0.34,0.34,328.562,680,1
0,0,0.3405,0.3405,0.3405,328.523,681,1
0,0,0.341,0.341,0.341,328.484,682,1
0,0,0.3415,0.3415,0.3415,328.445,683,1
0,0,0.342,0.342,0.342,328.406,684,1
0,0,0.3425,0.3425,0.3425,328.369,685,1
0,0,0.343,0.343,0.343,328.332,686,1
0,0,0.3435,0.3435,0.3435,328.295,687,1
0,0,0.344,0.344,0.344,328.258,688,1
0,0,0.3445,0.3445,0.3445,328.222,689,1
0,0,0.345,0.345,0.345,328.185,690,1
0,0,0.3455,0.3455,0.3455,328.148,691,1
0,0,0.346,0.346,0.346,328.112,692,1
0,0,0.3465,0.3465,0.3465,328.075,693,1
0,0,0.347,0.347,0.347,328.039,694,1
0,0,0.3475,0.3475,0.3475,328.002,695,1
0,0,0.348,0.348,0.348,327.966,696,1
0,0,0.3485,0.3485,0.3485,327.929,697,1
0,0,0.349,0.349,0.349,327.893,698,1
0,0,0.3495,0.3495,0.3495,327.856,699,1
0,0,0.35,0.35,0.35,327.82,700,1
0,0,0.3505,0.3505,0.3505,327.783,701,1
0,0,0.351,0.351,0.351,327.747,702,1
0,0,0.3515,0.3515,0.3515,327.71,703,1
0,0,0.352,0.352,0.352,327.674,704,1
0,0,0.3525,0.3525,0.3525,327.637,705,1
0,0,0.353,0.353,0.353,327.601,706,1
0,0,0.3535,0.3535,0.3535,327.567,707,1
0,0,0.354,0.354,0.354,327.533,708,1
0,0,0.3545,0.3545,0.3545,327.499,709,1
0,0,0.355,0.355,0.355,327.465,710,1
0,0,0.3555,0.3555,0.3555,327.431,711,1
0,0,0.356,0.356,0.356,327.397,712,1
0,0,0.3565,0.3565,0.3565,327.363,713,1
0,0,0.357,0.357,0.357,327.329,714,1
0,0,0.3575,0.3575,0.3575,327.295,715,1
0,0,0.358,0.358,0.358,327.262,716,1
0,0,0.3585,0.3585,0.3585,327.228,717,1
0,0,0.359,0.359,0.359,327.194,718,1
0,0,0.3595,0.3595,0.3595,327.16,719,1
0,0,0.36,0.36,0.36,327.126,720,1
0,0,0.3605,0.3605,0.3605,327.092,721,1
0,0,0.361,0.361,0.361,327.058,722,1
0,0,0.3615,0.3615,0.3615,327.024,723,1
0,0,0.362,0.362,0.362,326.99,724,1
0,0,0.3625,0.3625,0.3625,326.956,725,1
0,0,0.363,0.363,0.363,326.922,726,1
0,0,0.3635,0.3635,0.3635,326.889,727,1
0,0,0.364,0.364,0.364,326.855,728,1
0,0,0.3645,0.3645,0.3645,326.822,729,1
0,0,0.365,0.365,0.365,326.79,730,1
0,0,0.3655,0.3655,0.3655,326.759,731,1
0,0,0.366,0.366,0.366,326.727,732,1
0,0,0.3665,0.3665,0.3665,326.695,733,1
0,0,0.367,0.367,0.367,326.663,734,1
0,0,0.3675,0.3675,0.3675,326.631,735,1
0,0,0.368,0.368,0.368,326.6,736,1
0,0,0.3685,0.3685,0.3685,326.568,737,1
0,0,0.369,0.369,0.369,326.536,738,1
0,0,0.3695,0.3695,0.3695,326.504,739,1
0,0,0.37,0.37,0.37,326.472,740,1
0,0,0.3705,0.3705,0.3705,326.441,741,1
0,0,0.371,0.371,0.371,326.409,742,1
0,0,0.3715,0.3715,0.3715,326.377,743,1
0,0,0.372,0.372,0.372,326.345,744,1
0,0,0.3725,0.3725,0.3725,326.314,745,1
0,0,0.373,0.373,0.373,326.282,746,1
0,0,0.3735,0.3735,0.3735,326.25,747,1
0,0,0.374,0.374,0.374,326.218,748,1
0,0,0.3745,0.3745,0.3745,326.187,749,1
0,0,0.375,0.375,0.375,326.158,750,1
0,0,0.3755,0.3755,0.3755,326.129,751,1
0,0,0.376,0.376,0.376,326.099,752,1
0,0,0.3765,0.3765,0.3765,326.07,753,1
0,0,0.377,0.377,0.377,326.041,754,1
0,0,0.3775,0.3775,0.3775,326.012,755,1
0,0,0.378,0.378,0.378,325.982,756,1
0,0,0.3785,0.3785,0.3785,325.953,757,1
0,0,0.379,0.379,0.379,325.924,758,1
0,0,0.3795,0.3795,0.3795,325.895,759,1
0,0,0.38,0.38,0.38,325.866,760,1
0,0,0.3805,0.3805,0.3805,325.837,761,1
0,0,0.381,0.381,0.381,325.807,762,1
0,0,0.3815,0.3815,0.3815,325.778,763,1
0,0,0.382,0.382,0.382,325.749,764,1
0,0,0.3825,0.3825,0.3825,325.72,765,1
0,0,0.383,0.383,0.383,325.691,766,1
0,0,0.3835,0.3835,0.3835,325.662,767,1
0,0,0.384,0.384,0.384,325.632,768,1
0,0,0.3845,0.3845,0.3845,325.603,769,1
0,0,0.385,0.385,0.385,325.575,770,1
0,0,0.3855,0.3855,0.3855,325.548,771,1
0,0,0.386,0.386,0.386,325.521,772,1
0,0,0.3865,0.3865,0.3865,325.493,773,1
0,0,0.387,0.387,0.387,325.466,774,1
0,0,0.3875,0.3875,0.3875,325.439,775,1
0,0,0.388,0.388,0.388,325.412,776,1
0,0,0.3885,0.3885,0.3885,325.385,777,1
0,0,0.389,0.389,0.389,325.358,778,1
0,0,0.3895,0.3895,0.3895,325.332,779,1
0,0,0.39,0.39,0.39,325.305,780,1
0,0,0.3905,0.3905,0.3905,325.278,781,1
0,0,0.391,0.391,0.391,325.251,782,1
0,0,0.3915,0.3915,0.3915,325.224,783,1
0,0,0.392,0.392,0.392,325.197,784,1
0,0,0.3925,0.3925,0.3925,325.17,785,1
0,0,0.393,0.393,0.393,325.143,786,1
0,0,0.3935,0.3935,0.3935,325.117,787,1
0,0,0.394,0.394,0.394,325.09,788,1
0,0,0.3945,0.3945,0.3945,325.064,789,1
0,0,0.395,0.395,0.395,325.037,790,1
0,0,0.3955,0.3955,0.3955,325.011,791,1
0,0,0.396,0.396,0.396,324.986,792,1
0,0,0.3965,0.3965,0.3965,324.962,793,1
0,0,0.397,0.397,0.397,324.937,794,1
0,0,0.3975,0.3975,0.3975,324.913,795,1
0,0,0.398,0.398,0.398,324.889,796,1
0,0,0.3985,0.3985,0.3985,324.864,797,1
0,0,0.399,0.399,0.399,324.84,798,1
0,0,0.3995,0.3995,0.3995,324.816,799,1
0,0,0.4,0.4,0.4,324.792,800,1
0,0,0.4005,0.4005,0.4005,324.768,801,1
0,0,0.401,0.401,0.401,324.743,802,1
0,0,0.4015,0.4015,0.4015,324.719,803,1
0,0,0.402,0.402,0.402,324.695,804,1
0,0,0.4025,0.4025,0.4025,324.671,805,1
0,0,0.403,0.403,0.403,324.647,806,1
0,0,0.4035,0.4035,0.4035,324.623,807,1
0,0,0.404,0.404,0.404,324.599,808,1
0,0,0.4045,0.4045,0.4045,324.575,809,1
0,0,0.405,0.405,0.405,324.55,810,1
0,0,0.4055,0.4055,0.4055,324.526,811,1
0,0,0.406,0.406,0.406,324.503,812,1
0,0,0.4065,0.4065,0.4065,324.481,813,1
0,0,0.407,0.407,0.407,324.459,814,1
0,0,0.4075,0.4075,0.4075,324.437,815,1
0,0,0.408,0.408,0.408,324.415,816,1
0,0,0.4085,0.4085,0.4085,324.393,817,1
0,0,0.409,0.409,0.409,324.371,818,1
0,0,0.4095,0.4095,0.4095,324.349,819,1
0,0,0.41,0.41,0.41,324.327,820,1
0,0,0.4105,0.4105,0.4105,324.304,821,1
0,0,0.411,0.411,0.411,324.282,822,1
0,0,0.4115,0.4115,0.4115,324.26,823,1
0,0,0.412,0.412,0.412,324.238,824,1
0,0,0.4125,0.4125,0.4125,324.216,825,1
0,0,0.413,0.413,0.413,324.194,826,1
0,0,0.4135,0.4135,0.4135,324.173,827,1
0,0,0.414,0.414,0.414,324.151,828,1
0,0,0.4145,0.4145,0.4145,324.129,829,1
0,0,0.415,0.415,0.415,324.108,830,1
0,0,0.4155,0.4155,0.4155,324.087,831,1
0,0,0.416,0.416,0.416,324.067,832,1
0,0,0.4165,0.4165,0.4165,324.048,833,1
0,0,0.417,0.417,0.417,324.028,834,1
0,0,0.4175,0.4175,0.4175,324.009,835,1
0,0,0.418,0.418,0.418,323.989,836,1
0,0,0.4185,0.4185,0.4185,323.97,837,1
0,0,0.419,0.419,0.419,323.95,838,1
0,0,0.4195,0.4195,0.4195,323.931,839,1
0,0,0.42,0.42,0.42,323.911,840,1
0,0,0.4205,0.4205,0.4205,323.891,841,1
0,0,0.421,0.421,0.421,323.872,842,1
0,0,0.4215,0.4215,0.4215,323.852,843,1
0,0,0.422,0.422,0.422,323.833,844,1
0,0,0.4225,0.4225,0.4225,323.813,845,1
0,0,0.423,0.423,0.423,323.794,846,1
0,0,0.4235,0.4235,0.4235,323.774,847,1
0,0,0.424,0.424,0.424,323.755,848,1
0,0,0.4245,0.4245,0.4245,323.735,849,1
0,0,0.425,0.425,0.425,323.716,850,1
0,0,0.4255,0.4255,0.4255,323.697,851,1
0,0,0.426,0.426,0.426,323.678,852,1
0,0,0.4265,0.4265,0.4265,323.658,853,1
0,0,0.427,0.427,0.427,323.639,854,1
0,0,0.4275,0.4275,0.4275,323.621,855,1
0,0,0.428,0.428,0.428,323.604,856,1
0,0,0.4285,0.4285,0.4285,323.588,857,1
0,0,0.429,0.429,0.429,323.571,858,1
0,0,0.4295,0.4295,0.4295,323.555,859,1
0,0,0.43,0.43,0.43,323.538,860,1
0,0,0.4305,0.4305,0.4305,323.522,861,1
0,0,0.431,0.431,0.431,323.505,862,1
0,0,0.4315,0.4315,0.4315,323.489,863,1
0,0,0.432,0.432,0.432,323.473,864,1
0,0,0.4325,0.4325,0.4325,323.456,865,1
0,0,0.433,0.433,0.433,323.44,866,1
0,0,0.4335,0.4335,0.4335,323.424,867,1
0,0,0.434,0.434,0.434,323.407,868,1
0,0,0.4345,0.4345,0.4345,323.391,869,1
0,0,0.435,0.435,0.435,323.375,870,1
0,0,0.4355,0.4355,0.4355,323.358,871,1
0,0,0.436,0.436,0.436,323.342,872,1
0,0,0.4365,0.4365,0.4365,323.326,873,1
0,0,0.437,0.437,0.437,323.309,874,1
0,0,0.4375,0.4375,0.4375,323.293,875,1
0,0,0.438,0.438,0.438,323.277,876,1
0,0,0.4385,0.4385,0.4385,323.262,877,1
0,0,0.439,0.439,0.439,323.247,878,1
0,0,0.4395,0.4395,0.4395,323.233,879,1
0,0,0.44,0.44,0.44,323.218,880,1
0,0,0.4405,0.4405,0.4405,323.203,881,1
0,0,0.441,0.441,0.441,323.189,882,1
0,0,0.4415,0.4415,0.4415,323.174,883,1
0,0,0.442,0.442,0.442,323.16,884,1
0,0,0.4425,0.4425,0.4425,323.146,885,1
0,0,0.443,0.443,0.443,323.132,886,1
0,0,0.4435,0.4435,0.4435,323.117,887,1
0,0,0.444,0.444,0.444,323.103,888,1
0,0,0.4445,0.4445,0.4445,323.089,889,1
0,0,0.445,0.445,0.445,323.074,890,1
0,0,0.4455,0.4455,0.4455,323.06,891,1
0,0,0.446,0.446,0.446,323.046,892,1
0,0,0.4465,0.4465,0.4465,323.032,893,1
0,0,0.447,0.447,0.447,323.019,894,1
0,0,0.4475,0.4475,0.4475,323.005,895,1
0,0,0.448,0.448,0.448,322.992,896,1
0,0,0.4485,0.4485,0.4485,322.979,897,1
0,0,0.449,0.449,0.449,322.968,898,1
0,0,0.4495,0.4495,0.4495,322.957,899,1
0,0,0.45,0.45,0.45,322.945,900,1
0,0,0.4505,0.4505,0.4505,322.934,901,1
0,0,0.451,0.451,0.451,322.923,902,1
0,0,0.4515,0.4515,0.4515,322.911,903,1
0,0,0.452,0.452,0.452,322.9,904,1
0,0,0.4525,0.4525,0.4525,322.889,905,1
0,0,0.453,0.453,0.453,322.878,906,1
0,0,0.4535,0.4535,0.4535,322.866,907,1
0,0,0.454,0.454,0.454,322.855,908,1
0,0,0.4545,0.4545,0.4545,322.844,909,1
0,0,0.455,0.455,0.455,322.833,910,1
0,0,0.4555,0.4555,0.4555,322.821,911,1
0,0,0.456,0.456,0.456,322.81,912,1
0,0,0.4565,0.4565,0.4565,322.799,913,1
0,0,0.457,0.457,0.457,322.788,914,1
0,0,0.4575,0.4575,0.4575,322.776,915,1
0,0,0.458,0.458,0.458,322.765,916,1
0,0,0.4585,0.4585,0.4585,322.754,917,1
0,0,0.459,0.459,0.459,322.743,918,1
0,0,0.4595,0.4595,0.4595,322.733,919,1
0,0,0.46,0.46,0.46,322.724,920,1
0,0,0.4605,0.4605,0.4605,322.715,921,1
0,0,0.461,0.461,0.461,322.706,922,1
0,0,0.4615,0.4615,0.4615,322.697,923,1
0,0,0.462,0.462,0.462,322.688,924,1
0,0,0.4625,0.4625,0.4625,322.679,925,1
0,0,0.463,0.463,0.463,322.67,926,1
0,0,0.4635,0.4635,0.4635,322.661,927,1
0,0,0.464,0.464,0.464,322.652,928,1
0,0,0.4645,0.4645,0.4645,322.643,929,1
0,0,0.465,0.465,0.465,322.634,930,1
0,0,0.4655,0.4655,0.4655,322.625,931,1
0,0,0.466,0.466,0.466,322.616,932,1
0,0,0.4665,0.4665,0.4665,322.607,933,1
0,0,0.467,0.467,0.467,322.598,934,1
0,0,0.4675,0.4675,0.4675,322.589,935,1
0,0,0.468,0.468,0.468,322.58,936,1
0,0,0.4685,0.4685,0.4685,322.571,937,1
0,0,0.469,0.469,0.469,322.562,938,1
0,0,0.4695,0.4695,0.4695,322.553,939,1
0,0,0.47,0.47,0.47,322.544,940,1
0,0,0.4705,0.4705,0.4705,322.537,941,1
0,0,0.471,0.471,0.471,322.531,942,1
0,0,0.4715,0.4715,0.4715,322.524,943,1
0,0,0.472,0.472,0.472,322.518,944,1
0,0,0.4725,0.4725,0.4725,322.511,945,1
0,0,0.473,0.473,0.473,322.505,946,1
0,0,0.4735,0.4735,0.4735,322.499,947,1
0,0,0.474,0.474,0.474,322.493,948,1
0,0,0.4745,0.4745,0.4745,322.487,949,1
0,0,0.475,0.475,0.475,322.481,950,1
0,0,0.4755,0.4755,0.4755,322.475,951,1
0,0,0.476,0.476,0.476,322.469,952,1
0,0,0.4765,0.4765,0.4765,322.463,953,1
0,0,0.477,0.477,0.477,322.457,954,1
0,0,0.4775,0.4775,0.4775,322.451,955,1
0,0,0.478,0.478,0.478,322.445,956,1
0,0,0.4785,0.4785,0.4785,322.439,957,1
0,0,0.479,0.479,0.479,322.432,958,1
0,0,0.4795,0.4795,0.4795,322.426,959,1
0,0,0.48,0.48,0.48,322.42,960,1
0,0,0.4805,0.4805,0.4805,322.416,961,1
0,0,0.481,0.481,0.481,322.413,962,1
0,0,0.4815,0.4815,0.4815,322.409,963,1
0,0,0.482,0.482,0.482,322.406,964,1
0,0,0.4825,0.4825,0.4825,322.402,965,1
0,0,0.483,0.483,0.483,322.399,966,1
0,0,0.4835,0.4835,0.4835,322.395,967,1
0,0,0.484,0.484,0.484,322.392,968,1
0,0,0.4845,0.4845,0.4845,322.388,969,1
0,0,0.485,0.485,0.485,322.385,970,1
0,0,0.4855,0.4855,0.4855,322.381,971,1
0,0,0.486,0.486,0.486,322.378,972,1
0,0,0.4865,0.4865,0.4865,322.374,973,1
0,0,0.487,0.487,0.487,322.371,974,1
0,0,0.4875,0.4875,0.4875,322.367,975,1
0,0,0.488,0.488,0.488,322.364,976,1
0,0,0.4885,0.4885,0.4885,322.36,977,1
0,0,0.489,0.489,0.489,322.357,978,1
0,0,0.4895,0.4895,0.4895,322.353,979,1
0,0,0.49,0.49,0.49,322.349,980,1
0,0,0.4905,0.4905,0.4905,322.345,981,1
0,0,0.491,0.491,0.491,322.341,982,1
0,0,0.4915,0.4915,0.4915,322.338,983,1
0,0,0.492,0.492,0.492,322.337,984,1
0,0,0.4925,0.4925,0.4925,322.336,985,1
0,0,0.493,0.493,0.493,322.335,986,1
0,0,0.4935,0.4935,0.4935,322.334,987,1
0,0,0.494,0.494,0.494,322.333,988,1
0,0,0.4945,0.4945,0.4945,322.333,989,1
0,0,0.495,0.495,0.495,322.332,990,1
0,0,0.4955,0.4955,0.4955,322.331,991,1
0,0,0.496,0.496,0.496,322.33,992,1
0,0,0.4965,0.4965,0.4965,322.329,993,1
0,0,0.497,0.497,0.497,322.328,994,1
0,0,0.4975,0.4975,0.4975,322.327,995,1
0,0,0.498,0.498,0.498,322.326,996,1
0,0,0.4985,0.4985,0.4985,322.325,997,1
0,0,0.499,0.499,0.499,322.324,998,1
0,0,0.4995,0.4995,0.4995,322.323,999,1
0,0,0.5,0.5,0.5,322.322,1000,1
